file_name,age
22_1_3_20170104222214551.jpg.chip.jpg,22
1_1_3_20161220143348598.jpg.chip.jpg,1
31_1_3_20170104223321247.jpg.chip.jpg,31
9_0_0_20170110225359875.jpg.chip.jpg,9
13_1_0_20170109214635943.jpg.chip.jpg,13
70_1_3_20170109134219121.jpg.chip.jpg,70
12_1_0_20170109193530060.jpg.chip.jpg,12
2_1_3_20161220222832003.jpg.chip.jpg,2
1_0_0_20161219192208688.jpg.chip.jpg,1
2_1_4_20170103213401125.jpg.chip.jpg,2
43_0_1_20170104185752431.jpg.chip.jpg,43
23_1_0_20170103180703224.jpg.chip.jpg,23
4_1_3_20161220222145586.jpg.chip.jpg,4
5_0_0_20170110215835907.jpg.chip.jpg,5
6_1_3_20161220223136131.jpg.chip.jpg,6
66_0_0_20170104213607429.jpg.chip.jpg,66
85_0_1_20170111210022765.jpg.chip.jpg,85
1_0_2_20161219195800652.jpg.chip.jpg,1
2_1_1_20170109194445412.jpg.chip.jpg,2
75_1_0_20170110131723117.jpg.chip.jpg,75
44_0_0_20170104210021804.jpg.chip.jpg,44
10_0_0_20170110225243501.jpg.chip.jpg,10
67_1_0_20170110153312575.jpg.chip.jpg,67
4_1_2_20161219142601553.jpg.chip.jpg,4
20_1_2_20170104020440101.jpg.chip.jpg,20
61_0_0_20170104185720734.jpg.chip.jpg,61
8_0_0_20170110222913531.jpg.chip.jpg,8
22_1_3_20170104232533912.jpg.chip.jpg,22
1_1_3_20161219225247616.jpg.chip.jpg,1
1_1_4_20161221193459566.jpg.chip.jpg,1
1_0_4_20161221200034160.jpg.chip.jpg,1
1_1_0_20170109191253730.jpg.chip.jpg,1
26_1_0_20170109134235854.jpg.chip.jpg,26
47_0_0_20170109012806452.jpg.chip.jpg,47
21_1_4_20170103223204087.jpg.chip.jpg,21
13_1_0_20170109205049477.jpg.chip.jpg,13
26_0_2_20170104022626733.jpg.chip.jpg,26
32_1_0_20170110143445415.jpg.chip.jpg,32
72_1_0_20170110183431246.jpg.chip.jpg,72
17_1_0_20170104012433529.jpg.chip.jpg,17
1_0_4_20161221195039712.jpg.chip.jpg,1
35_1_0_20170103182736051.jpg.chip.jpg,35
5_0_2_20161219151837283.jpg.chip.jpg,5
1_0_0_20161219161028662.jpg.chip.jpg,1
90_1_0_20170110182910242.jpg.chip.jpg,90
36_0_3_20170104220702798.jpg.chip.jpg,36
5_1_2_20161219160221254.jpg.chip.jpg,5
1_1_2_20161219155353413.jpg.chip.jpg,1
3_1_0_20170109192027975.jpg.chip.jpg,3
36_0_0_20170109010229413.jpg.chip.jpg,36
47_0_0_20170105173254709.jpg.chip.jpg,47
28_1_2_20170105000553851.jpg.chip.jpg,28
26_1_2_20170105161510388.jpg.chip.jpg,26
1_0_2_20161219194820459.jpg.chip.jpg,1
25_1_4_20170103225751729.jpg.chip.jpg,25
26_1_0_20170103182456297.jpg.chip.jpg,26
12_0_4_20170103200538198.jpg.chip.jpg,12
62_1_0_20170110160643829.jpg.chip.jpg,62
1_1_2_20161219162730478.jpg.chip.jpg,1
75_0_0_20170111201623183.jpg.chip.jpg,75
59_1_0_20170110141538799.jpg.chip.jpg,59
3_1_3_20161220145428645.jpg.chip.jpg,3
11_0_0_20170110224505551.jpg.chip.jpg,11
13_1_0_20170109214425620.jpg.chip.jpg,13
100_1_2_20170105174847679.jpg.chip.jpg,100
1_0_3_20170104230640081.jpg.chip.jpg,1
52_1_1_20170105003356704.jpg.chip.jpg,52
16_0_4_20170103233832570.jpg.chip.jpg,16
39_1_0_20170105170221811.jpg.chip.jpg,39
59_0_0_20170104185901246.jpg.chip.jpg,59
70_0_0_20170111205843899.jpg.chip.jpg,70
9_0_0_20170110220239466.jpg.chip.jpg,9
60_0_0_20170104211850356.jpg.chip.jpg,60
10_1_3_20170109203848078.jpg.chip.jpg,10
9_0_0_20170110220159083.jpg.chip.jpg,9
4_1_0_20170109192308345.jpg.chip.jpg,4
28_0_4_20170103235229669.jpg.chip.jpg,28
35_0_0_20170104183524965.jpg.chip.jpg,35
38_1_0_20170104202343507.jpg.chip.jpg,38
9_0_0_20170110220712974.jpg.chip.jpg,9
11_1_0_20170109205125500.jpg.chip.jpg,11
31_1_0_20170103183408770.jpg.chip.jpg,31
80_1_0_20170110153259184.jpg.chip.jpg,80
24_1_4_20170103224804680.jpg.chip.jpg,24
46_0_0_20170104205743292.jpg.chip.jpg,46
82_1_2_20170110183005747.jpg.chip.jpg,82
1_0_2_20161219193503635.jpg.chip.jpg,1
1_0_3_20161220142918568.jpg.chip.jpg,1
57_0_0_20170111171747487.jpg.chip.jpg,57
80_1_0_20170110182353061.jpg.chip.jpg,80
73_1_0_20170110140448378.jpg.chip.jpg,73
21_0_0_20170102233225196.jpg.chip.jpg,21
25_1_0_20170103182309849.jpg.chip.jpg,25
16_1_3_20170109213433239.jpg.chip.jpg,16
27_1_4_20170103230157624.jpg.chip.jpg,27
15_0_0_20170110232117349.jpg.chip.jpg,15
4_1_3_20161220220636202.jpg.chip.jpg,4
26_1_2_20170104015910819.jpg.chip.jpg,26
1_0_2_20161219201523620.jpg.chip.jpg,1
80_1_0_20170110131552667.jpg.chip.jpg,80
8_1_1_20170109203252446.jpg.chip.jpg,8
31_1_3_20170104235227202.jpg.chip.jpg,31
14_1_0_20170109213541777.jpg.chip.jpg,14
19_1_4_20170102235050099.jpg.chip.jpg,19
30_1_0_20170103182948122.jpg.chip.jpg,30
2_1_3_20161219225702256.jpg.chip.jpg,2
1_0_2_20161219155859061.jpg.chip.jpg,1
30_0_4_20170103230144585.jpg.chip.jpg,30
65_0_0_20170104185320086.jpg.chip.jpg,65
86_0_0_20170111210655997.jpg.chip.jpg,86
4_1_4_20170103210349522.jpg.chip.jpg,4
26_1_3_20170104232420017.jpg.chip.jpg,26
35_1_0_20170104165729457.jpg.chip.jpg,35
2_1_2_20161219212324493.jpg.chip.jpg,2
3_0_2_20161219204921420.jpg.chip.jpg,3
4_0_0_20170110212545618.jpg.chip.jpg,4
39_1_0_20170104205026100.jpg.chip.jpg,39
2_0_2_20161219155636293.jpg.chip.jpg,2
1_0_2_20161219162726231.jpg.chip.jpg,1
29_0_0_20170109013328101.jpg.chip.jpg,29
32_1_4_20170103230259201.jpg.chip.jpg,32
43_0_0_20170104181239741.jpg.chip.jpg,43
1_0_2_20161219210310309.jpg.chip.jpg,1
14_0_2_20170104012412945.jpg.chip.jpg,14
2_1_3_20161219225526407.jpg.chip.jpg,2
3_1_0_20170109191351622.jpg.chip.jpg,3
4_0_0_20170110224817102.jpg.chip.jpg,4
71_1_0_20170110143306064.jpg.chip.jpg,71
32_1_3_20170104172955993.jpg.chip.jpg,32
10_1_0_20170109204422889.jpg.chip.jpg,10
2_1_4_20161221200558048.jpg.chip.jpg,2
39_1_0_20170109012839681.jpg.chip.jpg,39
68_1_0_20170110143337087.jpg.chip.jpg,68
26_1_3_20170104232329458.jpg.chip.jpg,26
1_0_2_20161219155744942.jpg.chip.jpg,1
74_0_0_20170111203046542.jpg.chip.jpg,74
59_0_0_20170109012750162.jpg.chip.jpg,59
40_1_0_20170104181504164.jpg.chip.jpg,40
11_1_2_20170104005111615.jpg.chip.jpg,11
10_0_4_20170103200443015.jpg.chip.jpg,10
1_0_0_20170109193820009.jpg.chip.jpg,1
29_0_0_20170109002204936.jpg.chip.jpg,29
18_1_0_20170109213945602.jpg.chip.jpg,18
19_1_3_20170104221847479.jpg.chip.jpg,19
4_0_3_20161220220738826.jpg.chip.jpg,4
24_1_4_20170103230137338.jpg.chip.jpg,24
13_1_0_20170109213526011.jpg.chip.jpg,13
38_0_4_20170104174520099.jpg.chip.jpg,38
25_1_1_20170102233540371.jpg.chip.jpg,25
2_1_4_20161221202243153.jpg.chip.jpg,2
67_1_0_20170110140730634.jpg.chip.jpg,67
31_1_2_20170104020811717.jpg.chip.jpg,31
1_0_0_20170110213043946.jpg.chip.jpg,1
1_0_2_20161219155855829.jpg.chip.jpg,1
26_1_4_20170103224820592.jpg.chip.jpg,26
6_1_3_20161220222916667.jpg.chip.jpg,6
63_0_0_20170111222203870.jpg.chip.jpg,63
2_1_0_20161219162255926.jpg.chip.jpg,2
28_0_0_20170104202019890.jpg.chip.jpg,28
43_1_0_20170105173022908.jpg.chip.jpg,43
